{"chunk_definitions":[{"row":24,"row_count":1,"visible":true,"expansion_state":0,"options":{"engine":"r","label":"Setup","echo":false},"document_id":"A51E81B5","chunk_id":"csetup_chunk","chunk_label":"Setup"},{"row":32,"row_count":1,"visible":true,"expansion_state":0,"options":{"engine":"r","label":"Map","fig.height":10,"fig.width":15.5},"document_id":"A51E81B5","chunk_id":"c49idj4xobhf1","chunk_label":"Map"},{"row":38,"row_count":1,"visible":true,"expansion_state":0,"options":{"engine":"r","label":"Map"},"document_id":"A51E81B5","chunk_id":"cu6nrddi5ueq5","chunk_label":"cityzip"},{"row":45,"row_count":1,"visible":true,"expansion_state":0,"options":{"engine":"r","label":"dbscan"},"document_id":"A51E81B5","chunk_id":"c0dx6qu063n9k","chunk_label":"dbscan"},{"row":50,"row_count":1,"visible":true,"expansion_state":0,"options":{"engine":"r","label":"dbplot","fig.height":10,"fig.width":15.5},"document_id":"A51E81B5","chunk_id":"ct0bwh8r0hqjh","chunk_label":"dbplot"},{"row":57,"row_count":1,"visible":true,"expansion_state":0,"options":{"engine":"r","label":"dbscan"},"document_id":"A51E81B5","chunk_id":"ccmceat0vtx7h","chunk_label":"dbscan2"},{"row":62,"row_count":1,"visible":true,"expansion_state":0,"options":{"engine":"r","label":"dbplot","fig.height":10,"fig.width":15.5},"document_id":"A51E81B5","chunk_id":"c6ogytthrjo5j","chunk_label":"dbplot2"},{"row":75,"row_count":1,"visible":true,"expansion_state":0,"options":{"engine":"r","label":"dbpoint"},"document_id":"A51E81B5","chunk_id":"c0xx1yiaxgj0u","chunk_label":"dbpoint"},{"row":97,"row_count":1,"visible":true,"expansion_state":0,"options":{"engine":"r","label":"top10"},"document_id":"A51E81B5","chunk_id":"cmpt2fn7j5xmt","chunk_label":"top10"},{"row":103,"row_count":1,"visible":true,"expansion_state":0,"options":{"engine":"r","label":"top10map","fig.height":10,"fig.width":15.5},"document_id":"A51E81B5","chunk_id":"c3by3q5yzw9dw","chunk_label":"top10map"}],"doc_write_time":1667408015,"chunk_rendered_width":678}