"0","#random selection"
"0","#top10 <- dbzip[unlist(tapply(1:nrow(dbzip),dbzip$cluster,function(x) sample(x,1))),]"
"0",""
"0","dbzip <- subset(dbzip, dbzip$cluster %in% freq2$cluster)"
"0",""
"0","cfreq <- count(dbzip, 'city')"
"0",""
"0","top10 <- merge(x=dbzip,y=cfreq, by= 'city')"
"0",""
"0","top10 <- top10 %>%"
"0","  arrange(desc(freq)) %>%"
"0","  group_by(cluster) %>%"
"0","  slice(1)"
"0","top10 <- rename(top10, cityfreq = freq)"
"0","top10 = merge(x=top10,y=freq2,by=""cluster"")"
"0","top10 <- top10 %>%"
"0","  arrange(desc(freq))"
"0",""
"0","top10[ , c(1:3)]"
